Date,0,1,2
2015-01-02,176.1346435546875,96.21227264404297,104.38826751708984
2015-01-05,172.95367431640625,94.80094909667969,106.028076171875
2015-01-06,171.32464599609375,93.52981567382812,107.93841552734375
2015-01-07,173.4595489501953,94.73551940917969,107.72528076171875
2015-01-08,176.5375518798828,96.54874420166016,106.29865264892578
2015-01-09,175.12286376953125,95.91316223144531,107.46287536621094
2015-01-12,173.75103759765625,94.9131088256836,108.07778930664062
2015-01-13,173.2622833251953,94.88506317138672,108.07778930664062
2015-01-14,172.21633911132812,94.36166381835938,108.8976821899414
2015-01-15,170.63873291015625,93.13727569580078,110.61128997802734
2015-01-16,172.8765869140625,94.23081970214844,109.20098876953125
2015-01-20,173.2451934814453,94.97853088378906,110.65225219726562
2015-01-21,174.1197509765625,95.46455383300781,109.37321472167969
2015-01-22,176.70909118652344,97.23101806640625,108.97970581054688
2015-01-23,175.74021911621094,97.44600677490234,110.49647521972656
2015-01-26,176.15176391601562,97.33384704589844,110.16034698486328
2015-01-27,173.82821655273438,94.81029510498047,110.33252716064453
2015-01-28,171.5989990234375,94.32427215576172,112.13623809814453
2015-01-29,173.1851806640625,95.23087310791016,111.39836120605469
2015-01-30,171.0074005126953,94.49250030517578,113.37425994873047
2015-02-02,173.1251678466797,95.31501007080078,112.94620513916016
2015-02-03,175.62876892089844,96.23094177246094,110.55558776855469
2015-02-04,174.9600067138672,96.14683532714844,110.74449157714844
2015-02-05,176.72618103027344,96.97866821289062,109.52863311767578
2015-02-06,176.2375030517578,96.38983917236328,107.58980560302734
2015-02-09,175.44871520996094,96.08140563964844,107.41724395751953
2015-02-10,177.31781005859375,97.57684326171875,106.56281280517578
2015-02-11,177.42068481445312,97.93199920654297,106.76000213623047
2015-02-12,179.126953125,99.07225799560547,106.40674591064453
2015-02-13,179.86424255371094,99.92279815673828,105.31409454345703
2015-02-17,180.147216796875,100.01626586914062,103.72850036621094
2015-02-18,180.1643829345703,100.15644073486328,104.34465789794922
2015-02-19,180.03575134277344,100.65180206298828,103.65457153320312
2015-02-20,181.11605834960938,101.32476043701172,103.95851135253906
2015-02-23,181.09036254882812,101.42756652832031,105.1497802734375
2015-02-24,181.60479736328125,101.50233459472656,106.52994537353516
2015-02-25,181.45046997070312,101.24995422363281,106.99002838134766
2015-02-26,181.23611450195312,101.76406860351562,105.52767181396484
2015-02-27,180.6187744140625,101.31542205810547,106.41498565673828
2015-03-02,181.75921630859375,102.23136901855469,104.432861328125
2015-03-03,181.01321411132812,101.75469207763672,104.05420684814453
2015-03-04,180.25015258789062,101.36213684082031,104.08711242675781
2015-03-05,180.4473114013672,101.53974914550781,103.95540618896484
2015-03-06,177.90943908691406,100.39012908935547,101.6587905883789
2015-03-09,178.6467742919922,100.67984771728516,102.59720611572266
2015-03-10,175.74879455566406,98.81058502197266,103.9471435546875
2015-03-11,175.33724975585938,98.24044799804688,104.70445251464844
2015-03-12,177.5664825439453,98.8853530883789,104.63038635253906
2015-03-13,176.47756958007812,98.45541381835938,104.30937957763672
2015-03-16,178.83543395996094,99.72654724121094,105.31360626220703
2015-03-17,178.3038787841797,99.88540649414062,106.18612670898438
2015-03-18,180.4473114013672,100.8667984008789,108.2357406616211
2015-03-19,179.6242218017578,101.01632690429688,107.68427276611328
2015-03-20,181.20973205566406,101.67024230957031,108.25225067138672
2015-03-23,180.8566436767578,101.47347259521484,108.1205062866211
2015-03-24,179.8404083251953,101.10814666748047,109.1659164428711
2015-03-25,177.205078125,98.79425048828125,108.24398040771484
2015-03-26,176.78306579589844,98.45701599121094,106.55651092529297
2015-03-27,177.18780517578125,98.8504638671875,107.88179779052734
2015-03-30,179.34945678710938,99.98397827148438,107.34675598144531
2015-03-31,177.78208923339844,98.92539978027344,107.57723999023438
2015-04-01,177.1533660888672,98.41017150878906,108.99027252197266
2015-04-02,177.79066467285156,98.47575378417969,107.83541870117188
2015-04-06,178.98782348632812,99.28137969970703,107.23329162597656
2015-04-07,178.51414489746094,99.11279296875,108.13235473632812
2015-04-08,179.11697387695312,99.89967346191406,108.16539001464844
2015-04-09,179.90927124023438,100.5273208618164,106.76309967041016
2015-04-10,180.89108276367188,100.93950653076172,106.91984558105469
2015-04-13,180.07293701171875,100.68658447265625,107.06830596923828
2015-04-14,180.41741943359375,100.39616394042969,107.82720184326172
2015-04-15,181.22694396972656,101.02383422851562,107.73640441894531
2015-04-16,181.17527770996094,100.88330078125,107.20030975341797
2015-04-17,179.09115600585938,99.30950164794922,108.42931365966797
2015-04-20,180.7274932861328,100.79898071289062,107.47249603271484
2015-04-21,180.5121307373047,101.22992706298828,106.98578643798828
2015-04-22,181.399169921875,101.78263092041016,105.35255432128906
2015-04-23,181.8556365966797,102.16668701171875,105.8062515258789
2015-04-24,182.2776336669922,103.55317687988281,106.46614837646484
2015-04-27,181.51974487304688,103.29086303710938,106.46614837646484
2015-04-28,182.0967559814453,103.08474731445312,104.99787139892578
2015-04-29,181.3475341796875,102.43838500976562,103.71109008789062
2015-04-30,179.53036499023438,100.82707214355469,103.89251708984375
2015-05-01,181.4767303466797,102.15734100341797,102.4940185546875
2015-05-04,181.99342346191406,102.32596588134766,101.52688598632812
2015-05-05,179.90927124023438,100.65845489501953,101.38639068603516
2015-05-06,179.16864013671875,99.96522521972656,99.65062713623047
2015-05-07,179.88340759277344,100.56482696533203,100.98966217041016
2015-05-08,182.25181579589844,101.82012176513672,101.26241302490234
2015-05-11,181.38198852539062,101.42662811279297,98.79925537109375
2015-05-12,180.8394012451172,100.96761322021484,99.05550384521484
2015-05-13,180.87387084960938,101.17372131347656,98.26197814941406
2015-05-14,182.75994873046875,102.65384674072266,98.52651977539062
2015-05-15,182.95803833007812,102.65384674072266,100.50196838378906
2015-05-18,183.5264129638672,103.10352325439453,98.8157958984375
2015-05-19,183.46612548828125,102.9910888671875,97.93960571289062
2015-05-20,183.33697509765625,103.05668640136719,98.10496520996094
2015-05-21,183.87094116210938,103.59063720703125,99.47705078125
2015-05-22,183.43173217773438,103.48757934570312,99.51834869384766
2015-05-26,181.4594268798828,102.2978744506836,101.22107696533203
2015-05-27,183.18194580078125,103.94660949707031,101.4525146484375
2015-05-28,182.97528076171875,103.71240234375,101.2045669555664
2015-05-29,181.83840942382812,103.09415435791016,101.42774200439453
2015-06-01,182.20872497558594,103.4407730102539,100.33758544921875
2015-06-02,182.0278778076172,103.11287689208984,98.937744140625
2015-06-03,182.51019287109375,103.42201232910156,97.34732055664062
2015-06-04,180.9686279296875,102.63512420654297,98.6146469116211
2015-06-05,180.65853881835938,102.39153289794922,97.41358947753906
2015-06-08,179.547607421875,101.3516845703125,97.30587768554688
2015-06-09,179.521728515625,101.18306732177734,96.53550720214844
2015-06-10,181.67478942871094,102.56952667236328,95.69063568115234
2015-06-11,182.2604217529297,102.71941375732422,97.70348358154297
2015-06-12,180.865234375,101.87631225585938,97.70348358154297
2015-06-15,180.09011840820312,101.37045288085938,97.86084747314453
2015-06-16,181.07192993164062,101.92314910888672,98.63121032714844
2015-06-17,181.36476135253906,102.20418548583984,97.8691177368164
2015-06-18,183.2508087158203,103.69367980957031,97.38873291015625
2015-06-19,182.4373321533203,103.18102264404297,98.6395263671875
2015-06-22,183.37196350097656,103.94156646728516,96.62664031982422
2015-06-23,183.50177001953125,104.02607727050781,96.04678344726562
2015-06-24,182.16909790039062,103.4908676147461,96.87515258789062
2015-06-25,181.61521911621094,103.28431701660156,96.53550720214844
2015-06-26,181.58058166503906,102.598876953125,95.45040130615234
2015-06-29,177.77276611328125,100.17639923095703,97.97682189941406
2015-06-30,178.14491271972656,100.53316497802734,97.29762268066406
2015-07-01,179.57281494140625,101.33130645751953,95.98426055908203
2015-07-02,179.40841674804688,101.35946655273438,96.29973602294922
2015-07-06,178.8977813720703,101.12474822998047,98.0845947265625
2015-07-07,180.0228729248047,101.37824249267578,99.00607299804688
2015-07-08,177.0025634765625,99.6130142211914,99.86119079589844
2015-07-09,177.32273864746094,99.55670166015625,97.89366149902344
2015-07-10,179.5555419921875,101.07778930664062,96.34124755859375
2015-07-13,181.5373077392578,102.85238647460938,96.0423583984375
2015-07-14,182.3248291015625,103.52843475341797,96.35782623291016
2015-07-15,182.2642822265625,103.64109802246094,97.37896728515625
2015-07-16,183.72682189941406,105.10586547851562,98.0513687133789
2015-07-17,183.88258361816406,106.65512084960938,98.55780792236328
2015-07-20,183.977783203125,107.02133178710938,98.14270782470703
2015-07-21,183.25082397460938,106.95560455322266,98.67400360107422
2015-07-22,182.92193603515625,105.74434661865234,99.28836822509766
2015-07-23,181.89212036132812,105.3499984741211,100.52531433105469
2015-07-24,180.00555419921875,104.31714630126953,100.77436828613281
2015-07-27,178.95840454101562,103.45332336425781,101.31391143798828
2015-07-28,181.15650939941406,104.34530639648438,100.57508087158203
2015-07-29,182.40269470214844,104.73968505859375,100.20149993896484
2015-07-30,182.44602966308594,105.2373046875,100.97356414794922
2015-07-31,182.16909790039062,105.11524963378906,101.7207260131836
2015-08-03,181.5546112060547,104.78662872314453,102.79151153564453
2015-08-04,181.19981384277344,104.58944702148438,101.9761734008789
2015-08-05,181.79696655273438,105.39693450927734,101.21076965332031
2015-08-06,180.30845642089844,103.70682525634766,102.10929870605469
2015-08-07,179.96229553222656,103.57536315917969,103.44876098632812
2015-08-10,182.22964477539062,104.75846862792969,102.16749572753906
2015-08-11,180.5853271484375,103.41576385498047,103.78988647460938
2015-08-12,180.80174255371094,103.7725601196289,103.2241439819336
2015-08-13,180.5767059326172,103.60354614257812,102.89134979248047
2015-08-14,181.23446655273438,103.76316833496094,103.1325912475586
2015-08-17,182.2469482421875,104.62699127197266,103.5985336303711
2015-08-18,181.71905517578125,104.0918197631836,102.78319549560547
2015-08-19,180.28248596191406,103.4063720703125,103.79817962646484
2015-08-20,176.51791381835938,100.54259490966797,104.84648132324219
2015-08-21,171.20431518554688,96.14828491210938,105.16266632080078
2015-08-24,163.99542236328125,92.44883728027344,105.1293716430664
2015-08-25,162.06553649902344,92.1014175415039,103.4404525756836
2015-08-26,168.28790283203125,96.7398452758789,101.44365692138672
2015-08-27,172.45050048828125,99.19049072265625,101.50196075439453
2015-08-28,172.4591522216797,99.17172241210938,101.80142974853516
2015-08-31,171.06585693359375,97.94168853759766,101.01935577392578
2015-09-01,165.95993041992188,94.88072967529297,101.74730682373047
2015-09-02,169.1100311279297,97.5567398071289,100.87181091308594
2015-09-03,169.23117065429688,97.07785034179688,101.36372375488281
2015-09-04,166.66952514648438,95.92293548583984,102.28922271728516
2015-09-08,170.8581085205078,98.62712097167969,100.78007507324219
2015-09-09,168.57342529296875,97.5191650390625,101.26367950439453
2015-09-10,169.49075317382812,98.58016204833984,100.57997131347656
2015-09-11,170.26101684570312,99.12474822998047,101.21363067626953
2015-09-14,169.62924194335938,98.82431030273438,101.3720932006836
2015-09-15,171.7495574951172,99.98858642578125,99.4293212890625
2015-09-16,173.23802185058594,100.55196380615234,99.05415344238281
2015-09-17,172.84857177734375,100.58951568603516,100.26311492919922
2015-09-18,170.0239715576172,99.15885925292969,101.8056640625
2015-09-21,170.90260314941406,99.4694595336914,100.1463851928711
2015-09-22,168.684326171875,97.9823226928711,101.53883361816406
2015-09-23,168.41464233398438,98.05762481689453,101.53046417236328
2015-09-24,167.8056640625,97.6999282836914,102.22252655029297
2015-09-25,167.76223754882812,96.8716812133789,101.33871459960938
2015-09-28,163.55184936523438,94.11385345458984,103.07302856445312
2015-09-29,163.6475372314453,93.62442016601562,103.36483764648438
2015-09-30,166.700927734375,95.77983093261719,103.00627136230469
2015-10-01,167.1358642578125,96.21280670166016,103.44580078125
2015-10-02,169.63250732421875,97.89759826660156,104.07241821289062
2015-10-05,172.65110778808594,99.30003356933594,102.66039276123047
2015-10-06,172.0595245361328,98.82942199707031,103.10322570800781
2015-10-07,173.46888732910156,99.42240142822266,102.76063537597656
2015-10-08,175.03466796875,99.8177261352539,101.9000473022461
2015-10-09,175.13906860351562,100.26949310302734,102.16743469238281
2015-10-12,175.3043670654297,100.51424407958984,102.94449615478516
2015-10-13,174.19955444335938,99.86477661132812,103.11992645263672
2015-10-14,173.3644561767578,99.70477294921875,104.02232360839844
2015-10-15,176.02638244628906,101.34252166748047,103.51261901855469
2015-10-16,176.82666015625,101.76606750488281,103.54602813720703
2015-10-19,176.91368103027344,102.34962463378906,103.261962890625
2015-10-20,176.68751525878906,101.82254791259766,102.62699890136719
2015-10-21,175.59140014648438,101.20130920410156,103.64631652832031
2015-10-22,178.5578155517578,103.26260375976562,103.82181549072266
2015-10-23,180.51507568359375,106.15221405029297,102.9361343383789
2015-10-26,180.07144165039062,106.21810150146484,103.62123107910156
2015-10-27,179.72348022460938,106.4345932006836,103.8802261352539
2015-10-28,181.7677764892578,107.3193359375,103.46251678466797
2015-10-29,181.6634063720703,107.1499252319336,101.81653594970703
2015-10-30,180.8804473876953,106.669921875,102.58523559570312
2015-11-02,183.0204315185547,107.87466430664062,102.11380004882812
2015-11-03,183.55111694335938,108.25116729736328,101.27642822265625
2015-11-04,182.994384765625,108.26058959960938,101.39366912841797
2015-11-05,182.81163024902344,107.9687728881836,101.12567901611328
2015-11-06,182.7159881591797,108.04410552978516,99.64360046386719
2015-11-09,181.01092529296875,106.89578247070312,99.0826187133789
2015-11-10,181.4285125732422,106.6228256225586,99.37565612792969
2015-11-11,180.71517944335938,106.49105834960938,99.16635131835938
2015-11-12,178.19241333007812,105.4557113647461,99.64360046386719
2015-11-13,176.191650390625,103.38496398925781,100.21300506591797
2015-11-16,178.87098693847656,104.87213897705078,100.12091827392578
2015-11-17,178.740478515625,104.93801879882812,100.28837585449219
2015-11-18,181.57638549804688,106.9522705078125,100.49769592285156
2015-11-19,181.41981506347656,107.02755737304688,101.16756439208984
2015-11-20,182.0809326171875,107.75233459472656,100.85778045654297
2015-11-23,181.87220764160156,107.44170379638672,101.16756439208984
2015-11-24,182.11575317382812,107.34758758544922,101.15921020507812
2015-11-25,182.0896453857422,107.44170379638672,101.39366912841797
2015-11-27,182.2983856201172,107.59227752685547,101.29322052001953
2015-11-30,181.54159545898438,107.3193359375,101.69511413574219
2015-12-01,183.27272033691406,108.39236450195312,103.06871795654297
2015-12-02,181.40243530273438,107.72408294677734,103.10231018066406
2015-12-03,178.86227416992188,105.8980941772461,100.29966735839844
2015-12-04,182.3505859375,108.37352752685547,101.18075561523438
2015-12-07,181.24583435058594,107.88408660888672,102.16251373291016
2015-12-08,180.02798461914062,107.89348602294922,102.21283721923828
2015-12-09,178.62741088867188,106.25576782226562,102.10372924804688
2015-12-10,179.0884246826172,106.73577117919922,102.23800659179688
2015-12-11,175.61753845214844,104.27916717529297,103.84913635253906
2015-12-14,176.50479125976562,105.06980895996094,102.50652313232422
2015-12-15,178.35769653320312,105.70984649658203,101.90238189697266
2015-12-16,180.9674530029297,107.28170013427734,101.68419647216797
2015-12-17,178.2097930908203,105.71922302246094,102.83379364013672
2015-12-18,175.03500366210938,103.6913070678711,103.40436553955078
2015-12-21,176.47894287109375,104.8431396484375,103.37918090820312
2015-12-22,178.08029174804688,105.53230285644531,102.63240814208984
2015-12-23,180.2855682373047,106.31591796875,101.86044311523438
2015-12-24,179.98802185058594,106.29704284667969,102.44395446777344
2015-12-28,179.57676696777344,106.24037170410156,102.7467041015625
2015-12-29,181.49314880371094,107.91148376464844,101.03971862792969
2015-12-30,180.20672607421875,106.93903350830078,100.93883514404297
2015-12-31,178.4040985107422,105.60784912109375,101.39288330078125
2016-01-04,175.91014099121094,103.37974548339844,102.12445831298828
2016-01-05,176.20762634277344,103.20037841796875,101.7123794555664
2016-01-06,173.9849090576172,102.20905303955078,103.0830078125
2016-01-07,169.8107452392578,99.00851440429688,103.26801300048828
2016-01-08,167.94679260253906,98.19662475585938,103.73054504394531
2016-01-11,168.11309814453125,98.49871826171875,102.5953140258789
2016-01-12,169.46945190429688,99.6410903930664,104.07527160644531
2016-01-13,165.24276733398438,96.20453643798828,105.10115814208984
2016-01-14,167.95559692382812,98.25325012207031,104.11732482910156
2016-01-15,164.3502197265625,95.20378112792969,105.74019622802734
2016-01-19,164.5689697265625,95.41146850585938,105.41227722167969
2016-01-20,162.46002197265625,95.11881256103516,106.522216796875
2016-01-21,163.37010192871094,95.21321868896484,105.7990951538086
2016-01-22,166.7216796875,97.97000885009766,105.3954849243164
2016-01-25,164.20140075683594,96.5160903930664,105.96726989746094
2016-01-26,166.44166564941406,97.3846664428711,106.01773834228516
2016-01-27,164.63023376464844,94.95831298828125,105.99249267578125
2016-01-28,165.4878692626953,96.29894256591797,106.14381408691406
2016-01-29,169.5220184326172,98.30988311767578,107.0435791015625
2016-02-01,169.46075439453125,98.5742416381836,106.71585845947266
2016-02-02,166.40664672851562,96.44054412841797,108.6956558227539
2016-02-03,167.404296875,95.97793579101562,107.79421997070312
2016-02-04,167.66677856445312,95.96851348876953,108.31654357910156
2016-02-05,164.47271728515625,92.63580322265625,108.44288635253906
2016-02-08,162.25875854492188,91.21963500976562,110.77655029296875
2016-02-09,162.26748657226562,90.9364013671875,110.8945083618164
2016-02-10,162.12750244140625,91.28572082519531,111.87175750732422
2016-02-11,160.01853942871094,91.15357208251953,112.65528106689453
2016-02-12,163.3175811767578,92.5413818359375,110.78496551513672
2016-02-16,166.0741729736328,94.62786865234375,109.61396026611328
2016-02-17,168.78689575195312,96.7709732055664,108.93999481201172
2016-02-18,168.09559631347656,95.66638946533203,110.27946472167969
2016-02-19,168.016845703125,95.94962310791016,110.37218475341797
2016-02-22,170.4495391845703,97.50739288330078,110.31321716308594
2016-02-23,168.29684448242188,95.90240478515625,110.75969696044922
2016-02-24,169.06692504882812,96.81819915771484,110.54064178466797
2016-02-25,171.11465454101562,97.77173614501953,110.93663024902344
2016-02-26,170.7208709716797,97.64901733398438,109.86669158935547
2016-02-29,169.38192749023438,96.7709732055664,110.3469009399414
2016-03-01,173.36361694335938,99.87710571289062,108.40387725830078
2016-03-02,174.14242553710938,99.91487884521484,108.85122680664062
2016-03-03,174.82498168945312,99.7260513305664,109.24793243408203
2016-03-04,175.39376831054688,99.76380157470703,108.54732513427734
2016-03-07,175.53384399414062,99.15013885498047,108.51358795166016
2016-03-08,173.6173858642578,98.32878112792969,109.71212768554688
2016-03-09,174.4749298095703,98.96131896972656,109.04536437988281
2016-03-10,174.61495971679688,98.81026458740234,108.59798431396484
2016-03-11,177.4327392578125,100.53794860839844,107.5007095336914
2016-03-14,177.20521545410156,100.70791625976562,107.83831787109375
2016-03-15,176.91647338867188,100.67015838623047,107.9395980834961
2016-03-16,177.9403533935547,101.56707763671875,108.26034545898438
2016-03-17,179.06918334960938,101.51040649414062,108.70771789550781
2016-03-18,179.77288818359375,101.66950225830078,108.93561553955078
2016-03-21,180.02798461914062,102.06717681884766,108.10002899169922
2016-03-22,179.93116760253906,102.37969207763672,108.07466125488281
2016-03-23,178.74374389648438,101.53691101074219,109.298583984375
2016-03-24,178.6645050048828,101.56533813476562,109.34075927734375
2016-03-28,178.77008056640625,101.42330169677734,109.48426818847656
2016-03-29,180.4237518310547,103.0519790649414,110.6322021484375
2016-03-30,181.21539306640625,103.5538330078125,109.46737670898438
2016-03-31,180.77560424804688,103.40232849121094,110.24391174316406
2016-04-01,182.0070343017578,104.50077056884766,110.5315170288086
2016-04-04,181.41769409179688,104.10302734375,110.59916687011719
2016-04-05,179.60572814941406,103.09932708740234,111.80868530273438
2016-04-06,181.56724548339844,104.79430389404297,110.9967269897461
2016-04-07,179.3946075439453,103.28870391845703,112.36693572998047
2016-04-08,179.87841796875,103.21293640136719,111.65646362304688
2016-04-11,179.45619201660156,102.83416748046875,111.51264190673828
2016-04-12,181.12745666503906,103.69587707519531,110.7429428100586
2016-04-13,182.95701599121094,105.02153778076172,111.1320571899414
2016-04-14,182.9657745361328,105.031005859375,110.59916687011719
2016-04-15,182.76348876953125,104.765869140625,111.54644012451172
2016-04-18,184.04769897460938,105.32454681396484,111.0643539428711
2016-04-19,184.62826538085938,104.68065643310547,110.71752166748047
2016-04-20,184.80418395996094,104.765869140625,109.49959564208984
2016-04-21,183.81021118164062,104.77535247802734,108.84829711914062
2016-04-22,183.81021118164062,103.19400024414062,108.5692138671875
2016-04-25,183.49359130859375,103.19400024414062,108.12094116210938
2016-04-26,183.76626586914062,102.69215393066406,107.63033294677734
2016-04-27,184.1444549560547,101.86833190917969,108.70452880859375
2016-04-28,182.4731903076172,100.6373519897461,109.15282440185547
2016-04-29,181.4880828857422,100.10710906982422,109.43193817138672
2016-05-02,182.93063354492188,101.05400848388672,108.33016967773438
2016-05-03,181.3385009765625,100.11656188964844,109.69465637207031
2016-05-04,180.32699584960938,99.47267150878906,110.29640197753906
2016-05-05,180.29183959960938,99.44425201416016,111.03376770019531
2016-05-06,180.9514923095703,99.97453308105469,110.55912017822266
2016-05-09,181.10101318359375,100.25859832763672,110.90663146972656
2016-05-10,183.35281372070312,101.63162231445312,110.91507720947266
2016-05-11,181.63758850097656,100.71309661865234,111.5422592163086
2016-05-12,181.6903533935547,100.26808166503906,111.03376770019531
2016-05-13,180.1071014404297,99.8987808227539,112.11009216308594
2016-05-16,181.88388061523438,101.14867401123047,111.14395141601562
2016-05-17,180.186279296875,99.87984466552734,111.33039855957031
2016-05-18,180.23904418945312,100.23968505859375,109.74551391601562
2016-05-19,179.61453247070312,99.71887969970703,110.22010040283203
2016-05-20,180.7492218017578,100.81727600097656,110.30487823486328
2016-05-23,180.50294494628906,100.68473052978516,110.55071258544922
2016-05-24,182.8426513671875,102.70161437988281,110.05908966064453
2016-05-25,184.0828857421875,103.44020080566406,109.6438217163086
2016-05-26,184.13571166992188,103.74320983886719,110.2116470336914
2016-05-27,184.9272918701172,104.282958984375,110.0506591796875
2016-05-31,184.57550048828125,104.48179626464844,110.31336975097656
2016-06-01,184.95370483398438,104.49127960205078,110.76092529296875
2016-06-02,185.51666259765625,104.70909118652344,111.55923461914062
2016-06-03,184.96250915527344,104.2166519165039,113.1473388671875
2016-06-06,185.9036865234375,104.59542846679688,112.30658721923828
2016-06-07,186.19393920898438,104.33030700683594,112.57833099365234
2016-06-08,186.8008575439453,104.51021575927734,113.18132781982422
2016-06-09,186.5457763671875,104.33975982666016,113.91166687011719
2016-06-10,184.77777099609375,103.15613555908203,114.46367645263672
2016-06-13,183.35281372070312,102.2944564819336,114.97327423095703
2016-06-14,182.9921875,102.2944564819336,114.88829803466797
2016-06-15,182.73707580566406,102.00092315673828,115.32994079589844
2016-06-16,183.282470703125,102.30391693115234,115.8904800415039
2016-06-17,182.59988403320312,101.10477447509766,115.16856384277344
2016-06-20,183.7758026123047,101.74091339111328,113.93714904785156
2016-06-21,184.29750061035156,102.06370544433594,113.41059875488281
2016-06-22,183.9969024658203,101.81686401367188,113.5974349975586
2016-06-23,186.39295959472656,103.26950073242188,112.29808807373047
2016-06-24,179.69976806640625,99.01605224609375,115.31295013427734
2016-06-27,176.48143005371094,97.05072021484375,118.19198608398438
2016-06-28,179.6644287109375,99.17745208740234,118.43830871582031
2016-06-29,182.7236785888672,100.93389129638672,117.5295639038086
2016-06-30,185.217041015625,102.10169219970703,117.96263885498047
2016-07-01,185.60609436035156,102.61439514160156,119.60047912597656
2016-07-05,184.27098083496094,101.98774719238281,121.09796905517578
2016-07-06,185.37619018554688,102.8232650756836,121.29364013671875
2016-07-07,185.26126098632812,103.12706756591797,121.28516387939453
2016-07-08,188.01986694335938,104.72213745117188,122.1785888671875
2016-07-11,188.68299865722656,105.32025146484375,121.10649108886719
2016-07-12,190.053466796875,105.85194396972656,119.11559295654297
2016-07-13,190.02699279785156,105.5955810546875,120.51936340332031
2016-07-14,191.0879669189453,106.3171615600586,118.76668548583984
2016-07-15,190.83155822753906,106.1462631225586,117.74573516845703
2016-07-18,191.34437561035156,106.84884643554688,117.63509368896484
2016-07-19,191.1498565673828,106.45956420898438,118.29879760742188
2016-07-20,191.94558715820312,107.70333099365234,117.65215301513672
2016-07-21,191.2205810546875,107.45645141601562,117.89038848876953
2016-07-22,192.07827758789062,107.90270233154297,118.09455108642578
2016-07-25,191.5565948486328,107.91221618652344,118.00946044921875
2016-07-26,191.64501953125,108.03563690185547,118.19664764404297
2016-07-27,191.441650390625,108.78567504882812,119.66859436035156
2016-07-28,191.66268920898438,109.16544342041016,119.4473876953125
2016-07-29,191.97218322753906,109.4028091430664,120.44283294677734
2016-08-01,191.81300354003906,109.98196411132812,119.13700103759766
2016-08-02,190.583984375,109.14644622802734,117.9095687866211
2016-08-03,191.14097595214844,109.50723266601562,117.97772216796875
2016-08-04,191.34437561035156,109.820556640625,118.86421203613281
2016-08-05,192.90936279296875,110.87442016601562,117.62828826904297
2016-08-08,192.79444885253906,110.75098419189453,117.8498764038086
2016-08-09,192.90936279296875,111.00735473632812,119.00910186767578
2016-08-10,192.43191528320312,110.72251892089844,119.46942901611328
2016-08-11,193.32492065429688,111.19721984863281,118.40394592285156
2016-08-12,193.156982421875,111.27318572998047,119.4012222290039
2016-08-15,193.7139434814453,111.74788665771484,118.27607727050781
2016-08-16,192.71487426757812,111.1307601928711,117.9607162475586
2016-08-17,193.07736206054688,111.33016204833984,118.66818237304688
2016-08-18,193.5105743408203,111.35862731933594,118.8556900024414
2016-08-19,193.22764587402344,111.33016204833984,118.23344421386719
2016-08-22,193.21878051757812,111.41559600830078,119.23075103759766
2016-08-23,193.60784912109375,111.61495971679688,119.35855102539062
2016-08-24,192.61756896972656,110.89340209960938,119.0773696899414
2016-08-25,192.48492431640625,110.71300506591797,118.62556457519531
2016-08-26,192.12245178222656,110.87442016601562,117.93507385253906
2016-08-29,193.0685577392578,111.02633666992188,119.51201629638672
2016-08-30,192.75018310546875,110.66555786132812,119.05176544189453
2016-08-31,192.2020263671875,110.5516128540039,119.22216033935547
2016-09-01,192.2108917236328,110.83642578125,119.35376739501953
2016-09-02,193.07736206054688,111.19721984863281,118.38031005859375
2016-09-06,193.66090393066406,111.89034271240234,119.24275207519531
2016-09-07,193.64321899414062,111.95675659179688,119.15731048583984
2016-09-08,193.20114135742188,111.30166625976562,117.6629409790039
2016-09-09,188.57688903808594,108.50083923339844,115.72454071044922
2016-09-12,191.282470703125,110.44719696044922,115.7843246459961
2016-09-13,188.53271484375,109.45977020263672,114.46924591064453
2016-09-14,188.4619598388672,109.98196411132812,114.64000701904297
2016-09-15,190.34524536132812,111.69093322753906,114.1447525024414
2016-09-16,189.6094207763672,111.63762664794922,115.0670166015625
2016-09-19,189.64495849609375,111.15221405029297,114.69124603271484
2016-09-20,189.65391540527344,111.36161041259766,115.09262084960938
2016-09-21,191.78662109375,112.4561996459961,116.0234146118164
2016-09-22,192.99517822265625,113.35088348388672,116.94564056396484
2016-09-23,191.93768310546875,112.62752532958984,116.83465576171875
2016-09-26,190.3826141357422,111.68522644042969,117.57756805419922
2016-09-27,191.56443786621094,112.78929901123047,118.44004821777344
2016-09-28,192.51531982421875,112.97968292236328,118.18382263183594
2016-09-29,190.7735595703125,112.16111755371094,118.48270416259766
2016-09-30,192.21316528320312,112.99870300292969,117.42389678955078
2016-10-03,191.75106811523438,112.8369140625,117.03630828857422
2016-10-04,190.7735595703125,112.66560363769531,115.66758728027344
2016-10-05,191.6177978515625,113.0653305053711,115.128662109375
2016-10-06,191.75106811523438,113.00826263427734,114.48704528808594
2016-10-07,191.093505859375,112.76074981689453,114.56401824951172
2016-10-10,192.0887908935547,113.47461700439453,113.88822174072266
2016-10-11,189.66278076171875,111.85653686523438,113.63157653808594
2016-10-12,189.91162109375,111.76136779785156,113.74275970458984
2016-10-13,189.2895050048828,111.36161041259766,114.17050170898438
2016-10-14,189.38731384277344,111.49485778808594,112.57079315185547
2016-10-17,188.7296905517578,111.19027709960938,113.28934478759766
2016-10-18,189.91162109375,112.18014526367188,113.6572494506836
2016-10-19,190.41812133789062,112.1706771850586,113.75133514404297
2016-10-20,190.06265258789062,112.03738403320312,113.87112426757812
2016-10-21,190.15150451660156,112.4561996459961,114.04218292236328
2016-10-24,190.9601593017578,113.80774688720703,113.5459976196289
2016-10-25,190.3203887939453,113.44606018066406,113.84545135498047
2016-10-26,189.93826293945312,112.67508697509766,113.07550811767578
2016-10-27,189.4316864013672,112.16111755371094,111.84368896484375
2016-10-28,188.8719024658203,111.45679473876953,111.59554290771484
2016-10-31,188.8807373046875,111.35208892822266,112.27995300292969
2016-11-01,187.51223754882812,110.51449584960938,112.28849792480469
2016-11-02,186.38369750976562,109.62934112548828,112.77709197998047
2016-11-03,185.53057861328125,108.55378723144531,111.911376953125
2016-11-04,185.32623291015625,108.17304229736328,112.91423034667969
2016-11-07,189.41395568847656,110.74292755126953,111.95426940917969
2016-11-08,190.2670440673828,111.46632385253906,111.4999771118164
2016-11-09,192.2842559814453,111.98027038574219,106.76880645751953
2016-11-10,192.76412963867188,110.17185974121094,105.19174194335938
2016-11-11,192.31979370117188,110.21942138671875,104.60032653808594
2016-11-14,192.47091674804688,109.10581970214844,103.97465515136719
2016-11-15,193.97267150878906,110.61922454833984,104.48888397216797
2016-11-16,193.6083526611328,111.27593994140625,105.43170166015625
2016-11-17,194.60362243652344,112.08497619628906,103.88034057617188
2016-11-18,194.16819763183594,111.66619873046875,103.58039093017578
2016-11-21,195.63442993164062,112.82740020751953,103.83753204345703
2016-11-22,196.01657104492188,113.17005157470703,103.80325317382812
2016-11-23,196.1232147216797,112.71318054199219,103.4003677368164
2016-11-25,196.85186767578125,113.07485961914062,103.55465698242188
2016-11-28,195.9276885986328,112.81787872314453,104.31748962402344
2016-11-29,196.3098602294922,113.20813751220703,104.75462341308594
2016-11-30,195.83883666992188,111.83750915527344,103.05754852294922
2016-12-01,195.11904907226562,109.90534210205078,101.96940612792969
2016-12-02,195.2167205810547,110.12425231933594,102.71660614013672
2016-12-05,196.38978576660156,110.98088073730469,102.60493469238281
2016-12-06,197.0118408203125,111.24739074707031,102.5276107788086
2016-12-07,199.5888671875,112.65608215332031,103.4036865234375
2016-12-08,200.07763671875,112.85596466064453,102.1841049194336
2016-12-09,201.28619384765625,113.74113464355469,100.91300201416016
2016-12-12,201.05517578125,113.22715759277344,101.10195922851562
2016-12-13,202.39694213867188,114.65486145019531,101.46269226074219
2016-12-14,200.72637939453125,114.41693115234375,100.32903289794922
2016-12-15,201.5527801513672,114.5977554321289,100.83572387695312
2016-12-16,201.15859985351562,114.17294311523438,100.60384368896484
2016-12-19,201.59658813476562,114.64071655273438,101.68598937988281
2016-12-20,202.37425231933594,115.079833984375,101.17926025390625
2016-12-21,201.81112670898438,114.9939193725586,101.62586975097656
2016-12-22,201.46250915527344,114.66937255859375,101.44416809082031
2016-12-23,201.7575225830078,114.74574279785156,101.65083312988281
2016-12-27,202.258056640625,115.33758544921875,101.3236312866211
2016-12-28,200.58653259277344,114.44024658203125,102.06417846679688
2016-12-29,200.54180908203125,114.27796173095703,102.42581939697266
2016-12-30,199.80885314941406,113.10377502441406,102.58082580566406
2017-01-03,201.3373565673828,114.11567687988281,103.01995849609375
2017-01-04,202.53518676757812,114.73619079589844,103.41606903076172
2017-01-05,202.37425231933594,115.38533782958984,105.03490447998047
2017-01-06,203.09832763671875,116.39724731445312,104.07048034667969
2017-01-09,202.42791748046875,116.77908325195312,104.90572357177734
2017-01-10,202.42791748046875,117.03682708740234,104.83684539794922
2017-01-11,203.00001525878906,117.35184478759766,105.18988800048828
2017-01-12,202.490478515625,117.17047882080078,104.9573745727539
2017-01-13,202.955322265625,117.5714340209961,104.45796966552734
2017-01-17,202.24021911621094,117.21818542480469,105.55157470703125
2017-01-18,202.68711853027344,117.45687103271484,104.19964599609375
2017-01-19,201.93626403808594,117.39958190917969,103.48497009277344
2017-01-20,202.6781463623047,117.65731811523438,103.27828216552734
2017-01-23,202.15078735351562,117.75279998779297,104.31156921386719
2017-01-24,203.4468994140625,118.54512023925781,103.59689331054688
2017-01-25,205.20791625976562,119.73838806152344,102.29663848876953
2017-01-26,204.99337768554688,119.8625259399414,102.64109802246094
2017-01-27,204.67153930664062,120.09162902832031,103.01134490966797
2017-01-30,203.40225219726562,119.15609741210938,102.70137023925781
2017-01-31,203.38436889648438,118.91744232177734,103.41606903076172
2017-02-01,203.46478271484375,119.73838806152344,102.77661895751953
2017-02-02,203.59889221191406,119.63337707519531,102.73347473144531
2017-02-03,205.00225830078125,119.97708129882812,102.69033813476562
2017-02-06,204.63577270507812,120.1202621459961,103.3116455078125
2017-02-07,204.644775390625,120.55937957763672,104.07100677490234
2017-02-08,204.91294860839844,120.75984191894531,105.48625946044922
2017-02-09,206.1285400390625,121.198974609375,104.26951599121094
2017-02-10,206.94198608398438,121.59992218017578,104.20909118652344
2017-02-13,208.06832885742188,122.28724670410156,103.88117980957031
2017-02-14,208.8996124267578,122.69774627685547,103.13044738769531
2017-02-15,209.99012756347656,123.4232406616211,102.65580749511719
2017-02-16,209.81134033203125,123.38505554199219,103.21672058105469
2017-02-17,210.14207458496094,123.91966247558594,103.8294448852539
2017-02-21,211.39353942871094,124.53060913085938,103.64820861816406
2017-02-22,211.20582580566406,124.57838439941406,103.82080841064453
2017-02-23,211.34884643554688,124.11055755615234,104.13142395019531
2017-02-24,211.6169891357422,124.3492202758789,105.28780364990234
2017-02-27,211.94775390625,124.50194549560547,104.66648864746094
2017-02-28,211.37567138671875,124.1201171875,105.05476379394531
2017-03-01,214.3343963623047,125.4757080078125,103.2944564819336
2017-03-02,212.984619140625,124.84565734863281,102.9227066040039
2017-03-03,213.11871337890625,125.07477569580078,103.19071960449219
2017-03-06,212.4840545654297,124.79791259765625,102.69791412353516
2017-03-07,211.8494110107422,124.58789825439453,102.3866195678711
2017-03-08,211.4561309814453,124.8074951171875,101.83328247070312
2017-03-09,211.72422790527344,124.90290832519531,101.0205307006836
2017-03-10,212.46621704101562,125.42794799804688,101.37503814697266
2017-03-13,212.57345581054688,125.63799285888672,100.73522186279297
2017-03-14,211.75999450683594,125.33248901367188,101.21939086914062
2017-03-15,213.59243774414062,126.10576629638672,102.4557876586914
2017-03-16,213.17234802246094,126.01983642578125,101.93702697753906
2017-03-17,212.7979736328125,125.9758529663086,102.57683563232422
2017-03-20,212.5645751953125,126.09062957763672,103.01775360107422
2017-03-21,209.83531188964844,124.17740631103516,103.87374114990234
2017-03-22,210.3291473388672,125.01922607421875,104.28872680664062
2017-03-23,210.10470581054688,124.70353698730469,104.1417465209961
2017-03-24,209.95204162597656,124.96184539794922,104.51355743408203
2017-03-27,209.73658752441406,125.1626968383789,104.98909759521484
2017-03-28,211.2627410888672,125.92799377441406,104.28872680664062
2017-03-29,211.4602813720703,126.51154327392578,104.91127014160156
2017-03-30,212.13360595703125,126.72199249267578,104.0639419555664
2017-03-31,211.63983154296875,126.63587188720703,104.36656951904297
2017-04-03,211.271728515625,126.55935668945312,105.41927337646484
2017-04-04,211.40643310546875,126.76022338867188,104.84744262695312
2017-04-05,210.7779541015625,126.24369812011719,105.16801452636719
2017-04-06,211.37051391601562,126.3106460571289,105.0120849609375
2017-04-07,211.15505981445312,126.24369812011719,104.58747100830078
2017-04-10,211.28074645996094,126.2915267944336,105.07273864746094
2017-04-11,211.02935791015625,125.74623107910156,106.06910705566406
2017-04-12,210.10470581054688,125.23925018310547,106.64962768554688
2017-04-13,208.7400665283203,124.7417984008789,106.97888946533203
2017-04-17,210.58949279785156,125.77491760253906,106.64962768554688
2017-04-18,209.9610137939453,125.58360290527344,108.04462432861328
2017-04-19,209.57496643066406,125.7845230102539,107.45541381835938
2017-04-20,211.28074645996094,126.83677673339844,107.03955078125
2017-04-21,210.607421875,126.80806732177734,107.03955078125
2017-04-24,212.9236602783203,128.33868408203125,106.51099395751953
2017-04-25,214.16258239746094,129.26654052734375,105.22868347167969
2017-04-26,214.0279083251953,129.08480834960938,105.80921936035156
2017-04-27,214.20748901367188,129.85968017578125,105.7745361328125
2017-04-28,213.7406005859375,130.08920288085938,106.00848388671875
2017-05-01,214.27928161621094,131.24676513671875,105.127197265625
2017-05-02,214.3600616455078,131.46676635742188,105.6655044555664
2017-05-03,214.09971618652344,131.04586791992188,105.7349624633789
2017-05-04,214.35110473632812,131.09364318847656,105.21401977539062
2017-05-05,215.1949920654297,131.57196044921875,105.30953216552734
2017-05-08,215.15914916992188,131.8589630126953,104.73646545410156
2017-05-09,214.9615936279297,132.31813049316406,104.72782897949219
2017-05-10,215.34762573242188,132.39468383789062,104.60625457763672
2017-05-11,214.90771484375,132.28941345214844,104.60625457763672
2017-05-12,214.5486297607422,132.58599853515625,105.39634704589844
2017-05-15,215.7336883544922,133.0069122314453,105.10981750488281
2017-05-16,215.5361328125,133.561767578125,105.50054931640625
2017-05-17,211.711669921875,130.165771484375,107.03736114501953
2017-05-18,212.5645751953125,131.3041534423828,107.1588363647461
2017-05-19,213.9470977783203,131.8589630126953,107.41065216064453
2017-05-22,215.03343200683594,132.96864318847656,107.11549377441406
2017-05-23,215.5092315673828,133.1025390625,106.39484405517578
2017-05-24,216.01199340820312,133.71478271484375,106.99392700195312
2017-05-25,217.04437255859375,134.8531494140625,107.02863311767578
2017-05-26,216.9995574951172,135.0923309326172,107.21097564697266
2017-05-30,216.81097412109375,135.20712280273438,107.7406234741211
2017-05-31,216.75711059570312,135.1592559814453,108.0097885131836
2017-06-01,218.48085021972656,135.68539428710938,108.02107238769531
2017-06-02,219.20802307128906,137.23512268066406,109.30012512207031
2017-06-05,219.04644775390625,137.20639038085938,108.62142944335938
2017-06-06,218.34617614746094,136.66114807128906,109.21310424804688
2017-06-07,218.75013732910156,137.1968536376953,108.6910629272461
2017-06-08,218.85787963867188,137.34030151367188,108.40390014648438
2017-06-09,218.5257110595703,133.90611267089844,108.2386474609375
2017-06-12,218.48085021972656,133.18862915039062,108.20378875732422
2017-06-13,219.5491943359375,134.26963806152344,108.22119903564453
2017-06-14,219.27090454101562,133.6860809326172,109.89179992675781
2017-06-15,218.8489227294922,133.09300231933594,109.71774291992188
2017-06-16,218.89675903320312,132.5155029296875,109.93526458740234
2017-06-19,220.7190399169922,134.73133850097656,109.7786636352539
2017-06-20,219.23052978515625,133.67620849609375,110.7618408203125
2017-06-21,219.17637634277344,134.99990844726562,110.98809814453125
2017-06-22,219.0771484375,134.9615478515625,111.23169708251953
2017-06-23,219.33877563476562,135.4795379638672,111.17948913574219
2017-06-26,219.4831085205078,134.84646606445312,111.59716033935547
2017-06-27,217.7149658203125,132.40048217773438,110.40513610839844
2017-06-28,219.66357421875,134.30931091308594,110.03968811035156
2017-06-29,217.73300170898438,131.97837829589844,109.11739349365234
2017-06-30,218.1389617919922,132.02635192871094,108.86507415771484
2017-07-03,218.50885009765625,130.635498046875,108.51458740234375
2017-07-05,219.01402282714844,131.92079162597656,108.54073333740234
2017-07-06,217.01126098632812,130.73141479492188,107.64271545410156
2017-07-07,218.41859436035156,132.14144897460938,106.99747467041016
2017-07-10,218.65313720703125,133.00474548339844,107.15443420410156
2017-07-11,218.49081420898438,133.37884521484375,107.3375244140625
2017-07-12,220.1326446533203,134.9615478515625,108.07865142822266
2017-07-13,220.50254821777344,135.2589111328125,107.3985595703125
2017-07-14,221.53102111816406,136.32359313964844,107.52935028076172
2017-07-17,221.50393676757812,136.3907470703125,107.82574462890625
2017-07-18,221.62127685546875,137.302001953125,108.76741027832031
2017-07-19,222.82106018066406,138.10777282714844,108.81101989746094
2017-07-20,222.92031860351562,138.2899932861328,109.12492370605469
2017-07-21,222.7218475341797,138.23245239257812,109.58699798583984
2017-07-24,222.66775512695312,138.86553955078125,109.15977478027344
2017-07-25,223.208984375,138.51063537597656,107.73860168457031
2017-07-26,223.218017578125,138.96145629882812,107.9129867553711
2017-07-27,223.01055908203125,138.08856201171875,107.3811264038086
2017-07-28,222.74891662597656,137.97348022460938,108.01758575439453
2017-07-31,222.62261962890625,137.3883514404297,108.14839172363281
2017-08-01,223.1187744140625,137.70494079589844,108.90771484375
2017-08-02,223.22703552246094,138.07899475097656,108.9688491821289
2017-08-03,222.79403686523438,137.54183959960938,110.09605407714844
2017-08-04,223.19996643066406,137.79122924804688,109.16107940673828
2017-08-07,223.6149444580078,138.66409301757812,109.283447265625
2017-08-08,223.06459045410156,138.42431640625,108.89020538330078
2017-08-09,223.0556182861328,138.2420654296875,109.4843978881836
2017-08-10,219.9071502685547,135.27809143066406,110.41932678222656
2017-08-11,220.23194885253906,136.3044891357422,110.47177124023438
2017-08-14,222.4151153564453,138.05978393554688,109.90382385253906
2017-08-15,222.3880615234375,138.15576171875,109.44068145751953
2017-08-16,222.77597045898438,138.3955078125,109.8426284790039
2017-08-17,219.30270385742188,135.56585693359375,110.66401672363281
2017-08-18,218.9598846435547,135.46990966796875,110.63777923583984
2017-08-21,219.1312713623047,135.29730224609375,110.90865325927734
2017-08-22,221.4227294921875,137.359619140625,110.48049926757812
2017-08-23,220.62887573242188,136.8704071044922,111.23193359375
2017-08-24,220.1146240234375,136.46746826171875,110.82127380371094
2017-08-25,220.62887573242188,136.17974853515625,111.24939727783203
2017-08-28,220.637939453125,136.601806640625,111.17952728271484
2017-08-29,220.89048767089844,137.13893127441406,111.53778839111328
2017-08-30,221.93698120117188,138.7504119873047,111.50279235839844
2017-08-31,223.2721405029297,140.23721313476562,111.83483123779297
2017-09-01,223.58792114257812,140.04542541503906,110.97940826416016
2017-09-05,221.9820556640625,138.788818359375,112.73929595947266
2017-09-06,222.7399139404297,139.2108917236328,112.04759979248047
2017-09-07,222.71279907226562,139.5369873046875,113.19463348388672
2017-09-08,222.4512176513672,138.32843017578125,112.94943237304688
2017-09-11,224.8238525390625,139.92068481445312,111.60108947753906
2017-09-12,225.5816650390625,140.25640869140625,111.014404296875
2017-09-13,225.6898956298828,140.44827270507812,110.57662200927734
2017-09-14,225.61773681640625,139.6233367919922,111.031982421875
2017-09-15,225.92141723632812,140.1029510498047,111.07572174072266
2017-09-18,226.40194702148438,139.91932678222656,110.43656158447266
2017-09-19,226.6286163330078,140.15963745117188,110.16512298583984
2017-09-20,226.7102508544922,139.7270965576172,110.24394989013672
2017-09-21,226.10276794433594,138.8715057373047,110.1826171875
2017-09-22,226.14810180664062,138.73692321777344,110.49783325195312
2017-09-25,225.6857147216797,137.2757568359375,111.18953704833984
2017-09-26,225.82171630859375,137.63140869140625,110.98819732666016
2017-09-27,226.70115661621094,138.8715057373047,109.31578826904297
2017-09-28,226.97311401367188,138.82339477539062,108.9918441772461
2017-09-29,227.77099609375,139.82318115234375,109.23703002929688
2017-10-02,228.7592010498047,139.94818115234375,109.03695678710938
2017-10-03,229.248779296875,140.24620056152344,109.14227294921875
2017-10-04,229.52073669433594,140.38075256347656,109.1510238647461
2017-10-05,230.88072204589844,141.75547790527344,108.73868560791016
2017-10-06,230.6177520751953,141.9477081298828,108.43159484863281
2017-10-09,230.2369842529297,141.78427124023438,108.77375793457031
2017-10-10,230.84442138671875,141.89004516601562,108.94925689697266
2017-10-11,231.20706176757812,142.31298828125,109.15983581542969
2017-10-12,230.86256408691406,142.05343627929688,109.62480163574219
2017-10-13,231.14358520507812,142.6013946533203,110.4144287109375
2017-10-16,231.45187377929688,143.09169006347656,110.3354721069336
2017-10-17,231.61505126953125,143.27427673339844,110.47584533691406
2017-10-18,231.84169006347656,143.10128784179688,109.74766540527344
2017-10-19,231.90516662597656,142.5725860595703,109.940673828125
2017-10-20,233.10191345214844,142.95709228515625,108.77375793457031
2017-10-23,232.1952667236328,142.0245819091797,108.96678924560547
2017-10-24,232.603271484375,142.2649383544922,108.29127502441406
2017-10-25,231.45187377929688,141.7266082763672,107.77361297607422
2017-10-26,231.7510528564453,141.2748260498047,107.4139175415039
2017-10-27,233.6458740234375,145.3892059326172,108.12454986572266
2017-10-30,232.77552795410156,145.71604919433594,109.15983581542969
2017-10-31,233.13812255859375,146.26400756835938,109.19489288330078
2017-11-01,233.44642639160156,146.21600341796875,109.68113708496094
2017-11-02,233.537109375,145.9371337890625,110.16466522216797
2017-11-03,234.31680297851562,147.34072875976562,110.4636001586914
2017-11-06,234.67941284179688,147.84054565429688,110.8768310546875
2017-11-07,234.51622009277344,147.92706298828125,111.34280395507812
2017-11-08,234.9151611328125,148.52310180664062,111.09664154052734
2017-11-09,234.0629425048828,147.74441528320312,110.78012084960938
2017-11-10,233.99038696289062,147.7347869873047,109.10960388183594
2017-11-13,234.20797729492188,147.9174346923828,109.33818054199219
2017-11-14,233.6640167236328,147.3791046142578,110.07674407958984
2017-11-15,232.4945068359375,146.68698120117188,111.27244567871094
2017-11-16,234.47091674804688,148.56155395507812,110.30532836914062
2017-11-17,233.78184509277344,147.994384765625,111.12300872802734
2017-11-20,234.18080139160156,147.87899780273438,111.07902526855469
2017-11-21,235.7129669189453,149.48440551757812,111.43070983886719
2017-11-22,235.5044708251953,149.66705322265625,111.79122161865234
2017-11-24,236.04843139648438,150.21498107910156,111.48346710205078
2017-11-27,235.9306182861328,150.14768981933594,111.32520294189453
2017-11-28,238.32406616210938,150.53221130371094,111.47467803955078
2017-11-29,238.1790313720703,147.9078369140625,110.37567901611328
2017-11-30,240.26425170898438,149.14793395996094,110.00640106201172
2017-12-01,239.76560974121094,148.5134735107422,111.49091339111328
2017-12-04,239.47547912597656,146.8023681640625,111.54377746582031
2017-12-05,238.61419677734375,146.89845275878906,112.09878540039062
2017-12-06,238.65948486328125,147.561767578125,112.4864501953125
2017-12-07,239.4120330810547,148.0616912841797,111.60543823242188
2017-12-08,240.7176055908203,148.71536254882812,111.61425018310547
2017-12-11,241.44284057617188,149.86891174316406,111.38518524169922
2017-12-12,241.8689422607422,149.66705322265625,111.34114074707031
2017-12-13,241.84178161621094,149.95545959472656,112.1781005859375
2017-12-14,240.85353088378906,149.84974670410156,112.65385437011719
2017-12-15,242.8592071533203,151.55123901367188,113.07672119140625
2017-12-18,244.39930725097656,152.8218536376953,112.04594421386719
2017-12-19,243.46063232421875,151.91632080078125,110.59231567382812
2017-12-20,243.3330841064453,151.7525634765625,109.36766815185547
2017-12-21,243.8342742919922,151.77182006835938,110.005126953125
2017-12-22,243.7705078125,151.59840393066406,110.15520477294922
2017-12-26,243.4788818359375,150.7796173095703,110.48185729980469
2017-12-27,243.5973663330078,150.79888916015625,111.92091369628906
2017-12-28,244.0985565185547,150.98190307617188,111.8238525390625
2017-12-29,243.1781768798828,150.04745483398438,112.00037384033203
